/*!40101 SET @OLD_CHARACTER_SET_CLIENT=@@CHARACTER_SET_CLIENT */;
/*!40101 SET @OLD_CHARACTER_SET_RESULTS=@@CHARACTER_SET_RESULTS */;
/*!40101 SET @OLD_COLLATION_CONNECTION=@@COLLATION_CONNECTION */;
/*!40101 SET NAMES utf8mb4 */;
/*!40014 SET @OLD_UNIQUE_CHECKS=@@UNIQUE_CHECKS, UNIQUE_CHECKS=0 */;
/*!40014 SET @OLD_FOREIGN_KEY_CHECKS=@@FOREIGN_KEY_CHECKS, FOREIGN_KEY_CHECKS=0 */;
/*!40101 SET @OLD_SQL_MODE=@@SQL_MODE, SQL_MODE='NO_AUTO_VALUE_ON_ZERO' */;
/*!40111 SET @OLD_SQL_NOTES=@@SQL_NOTES, SQL_NOTES=0 */;

CREATE TABLE `categorias` (
  `id` int NOT NULL AUTO_INCREMENT,
  `nombre` varchar(30) COLLATE utf8mb4_unicode_ci NOT NULL,
  PRIMARY KEY (`id`),
  UNIQUE KEY `id` (`id`)
) ENGINE=InnoDB AUTO_INCREMENT=3 DEFAULT CHARSET=utf8mb4 COLLATE=utf8mb4_unicode_ci;

CREATE TABLE `dias` (
  `id` int NOT NULL AUTO_INCREMENT,
  `nombre` varchar(15) COLLATE utf8mb4_unicode_ci DEFAULT NULL,
  PRIMARY KEY (`id`)
) ENGINE=InnoDB AUTO_INCREMENT=4 DEFAULT CHARSET=utf8mb4 COLLATE=utf8mb4_unicode_ci;


CREATE TABLE `horas` (
  `id` int NOT NULL AUTO_INCREMENT,
  `hora` varchar(13) CHARACTER SET utf8mb4 COLLATE utf8mb4_unicode_ci DEFAULT NULL,
  PRIMARY KEY (`id`)
) ENGINE=InnoDB AUTO_INCREMENT=9 DEFAULT CHARSET=utf8mb4 COLLATE=utf8mb4_unicode_ci;

CREATE TABLE `paquetes` (
  `id` int NOT NULL AUTO_INCREMENT,
  `nombre` varchar(30) CHARACTER SET utf8mb4 COLLATE utf8mb4_unicode_ci NOT NULL,
  PRIMARY KEY (`id`)
) ENGINE=InnoDB AUTO_INCREMENT=4 DEFAULT CHARSET=utf8mb4 COLLATE=utf8mb4_general_ci;

CREATE TABLE `ponentes` (
  `id` int NOT NULL AUTO_INCREMENT,
  `nombre` varchar(40) CHARACTER SET utf8mb4 COLLATE utf8mb4_unicode_ci NOT NULL,
  `apellido` varchar(40) CHARACTER SET utf8mb4 COLLATE utf8mb4_unicode_ci NOT NULL,
  `ciudad` varchar(20) CHARACTER SET utf8mb4 COLLATE utf8mb4_unicode_ci NOT NULL,
  `pais` varchar(20) CHARACTER SET utf8mb4 COLLATE utf8mb4_unicode_ci NOT NULL,
  `imagen` varchar(32) CHARACTER SET utf8mb4 COLLATE utf8mb4_unicode_ci NOT NULL,
  `tags` varchar(120) CHARACTER SET utf8mb4 COLLATE utf8mb4_unicode_ci NOT NULL,
  `redes` text COLLATE utf8mb4_unicode_ci,
  PRIMARY KEY (`id`)
) ENGINE=InnoDB AUTO_INCREMENT=21 DEFAULT CHARSET=utf8mb4 COLLATE=utf8_unicode_ci;

CREATE TABLE `registros` (
  `id` int NOT NULL AUTO_INCREMENT,
  `usuarioId` int NOT NULL,
  `paqueteId` int DEFAULT NULL,
  `pagoId` varchar(30) CHARACTER SET utf8mb4 COLLATE utf8mb4_unicode_ci NOT NULL,
  `token` varchar(8) CHARACTER SET utf8mb4 COLLATE utf8mb4_unicode_ci NOT NULL,
  PRIMARY KEY (`id`),
  KEY `usuarioId` (`usuarioId`),
  KEY `paquete_id` (`paqueteId`),
  CONSTRAINT `registros_ibfk_1` FOREIGN KEY (`usuarioId`) REFERENCES `usuarios` (`id`),
  CONSTRAINT `registros_ibfk_2` FOREIGN KEY (`paqueteId`) REFERENCES `paquetes` (`id`)
) ENGINE=InnoDB AUTO_INCREMENT=2 DEFAULT CHARSET=utf8mb4 COLLATE=utf8mb4_general_ci;

CREATE TABLE `usuarios` (
  `id` int NOT NULL AUTO_INCREMENT,
  `nombre` varchar(40) COLLATE utf8mb4_unicode_ci NOT NULL,
  `apellido` varchar(40) COLLATE utf8mb4_unicode_ci NOT NULL,
  `email` varchar(60) COLLATE utf8mb4_unicode_ci NOT NULL,
  `password` varchar(60) COLLATE utf8mb4_unicode_ci NOT NULL,
  `confirmado` tinyint(1) NOT NULL,
  `token` varchar(13) COLLATE utf8mb4_unicode_ci DEFAULT NULL,
  `admin` tinyint(1) NOT NULL,
  PRIMARY KEY (`id`)
) ENGINE=InnoDB AUTO_INCREMENT=3 DEFAULT CHARSET=utf8mb4 COLLATE=utf8mb4_unicode_ci;

CREATE TABLE `registros` (
  `id` int NOT NULL AUTO_INCREMENT,
  `usuarioId` int NOT NULL,
  `paqueteId` int DEFAULT NULL,
  `pagoId` varchar(30) CHARACTER SET utf8mb4 COLLATE utf8mb4_unicode_ci NOT NULL,
  `token` varchar(8) CHARACTER SET utf8mb4 COLLATE utf8mb4_unicode_ci NOT NULL,
  PRIMARY KEY (`id`),
  KEY `usuarioId` (`usuarioId`),
  KEY `paquete_id` (`paqueteId`),
  CONSTRAINT `registros_ibfk_1` FOREIGN KEY (`usuarioId`) REFERENCES `usuarios` (`id`),
  CONSTRAINT `registros_ibfk_2` FOREIGN KEY (`paqueteId`) REFERENCES `paquetes` (`id`)
) ENGINE=InnoDB AUTO_INCREMENT=2 DEFAULT CHARSET=utf8mb4 COLLATE=utf8mb4_general_ci;

CREATE TABLE `eventos` (
  `id` int NOT NULL AUTO_INCREMENT,
  `nombre` varchar(120) COLLATE utf8mb4_unicode_ci NOT NULL,
  `descripcion` text COLLATE utf8mb4_unicode_ci NOT NULL,
  `disponibles` int NOT NULL,
  `categoriaId` int NOT NULL,
  `diaId` int NOT NULL,
  `horaId` int NOT NULL,
  `ponenteId` int NOT NULL,
  PRIMARY KEY (`id`),
  UNIQUE KEY `id` (`id`),
  KEY `categoriaId` (`categoriaId`),
  KEY `diaId` (`diaId`),
  KEY `horaId` (`horaId`),
  KEY `ponenteId` (`ponenteId`),
  CONSTRAINT `eventos_ibfk_1` FOREIGN KEY (`categoriaId`) REFERENCES `categorias` (`id`),
  CONSTRAINT `eventos_ibfk_2` FOREIGN KEY (`diaId`) REFERENCES `dias` (`id`),
  CONSTRAINT `eventos_ibfk_3` FOREIGN KEY (`horaId`) REFERENCES `horas` (`id`),
  CONSTRAINT `eventos_ibfk_4` FOREIGN KEY (`ponenteId`) REFERENCES `ponentes` (`id`) ON DELETE CASCADE ON UPDATE CASCADE
) ENGINE=InnoDB AUTO_INCREMENT=33 DEFAULT CHARSET=utf8mb4 COLLATE=utf8mb4_unicode_ci;

INSERT INTO `categorias` (`id`, `nombre`) VALUES
(1, 'Conferencias');
INSERT INTO `categorias` (`id`, `nombre`) VALUES
(2, 'Workshops');


INSERT INTO `dias` (`id`, `nombre`) VALUES
(1, 'Viernes');
INSERT INTO `dias` (`id`, `nombre`) VALUES
(2, 'Sábado');


INSERT INTO `horas` (`id`, `hora`) VALUES
(1, '10:00 - 10:55');
INSERT INTO `horas` (`id`, `hora`) VALUES
(2, '11:00 - 11:55');
INSERT INTO `horas` (`id`, `hora`) VALUES
(3, '12:00 - 12:55');
INSERT INTO `horas` (`id`, `hora`) VALUES
(4, '13:00 - 13:55'),
(5, '16:00 - 16:55'),
(6, '17:00 - 17:55'),
(7, '18:00 - 18:55'),
(8, '19:00 - 19:55');

INSERT INTO `paquetes` (`id`, `nombre`) VALUES
(1, 'Presencial');
INSERT INTO `paquetes` (`id`, `nombre`) VALUES
(2, 'Virtual');
INSERT INTO `paquetes` (`id`, `nombre`) VALUES
(3, 'Gratis');

INSERT INTO `ponentes` (`id`, `nombre`, `apellido`, `ciudad`, `pais`, `imagen`, `tags`, `redes`) VALUES
(1, ' Julian', 'Muñoz', 'Madrid', 'España', '6764a74ccf2b4b5b74e333016c13388a', 'React,PHP,Laravel', '{\"facebook\":\"https://facebook.com/C%C3%B3digo-Con-Juan-103341632130628\",\"twitter\":\"https://twitter.com/codigoconjuan\",\"youtube\":\"\",\"instagram\":\"https://instagram.com/codigoconjuan\",\"tiktok\":\"\",\"github\":\"https://github.com/codigoconjuan\"}');
INSERT INTO `ponentes` (`id`, `nombre`, `apellido`, `ciudad`, `pais`, `imagen`, `tags`, `redes`) VALUES
(2, ' Israel', 'González', 'CDMX', 'México', '6497c66bcc464e26871c046dd5bb86c8', 'Vue,Node.js,MongoDB', '{\"facebook\":\"\",\"twitter\":\"\",\"youtube\":\"https://youtube.com/codigoconjuan\",\"instagram\":\"https://instagram.com/codigoconjuan\",\"tiktok\":\"https://tiktok.com/@codigoconjuan\",\"github\":\"https://github.com/codigoconjuan\"}');
INSERT INTO `ponentes` (`id`, `nombre`, `apellido`, `ciudad`, `pais`, `imagen`, `tags`, `redes`) VALUES
(3, ' Isabella', 'Tassis', 'Buenos Aires', 'Argentina', '55c7866df31370ec3299eed6eb63daa1', 'UX / UI,HTML,CSS,TailwindCSS', '{\"facebook\":\"https://facebook.com/C%C3%B3digo-Con-Juan-103341632130628\",\"twitter\":\"\",\"youtube\":\"https://youtube.com/codigoconjuan\",\"instagram\":\"\",\"tiktok\":\"https://tiktok.com/@codigoconjuan\",\"github\":\"\"}');
INSERT INTO `ponentes` (`id`, `nombre`, `apellido`, `ciudad`, `pais`, `imagen`, `tags`, `redes`) VALUES
(4, ' Jazmín', 'Hurtado', 'CDMX', 'México', 'de6e3fa0cde8402de4c28e6be0903ada', 'Django,React, Vue.js', '{\"facebook\":\"\",\"twitter\":\"https://twitter.com/codigoconjuan\",\"youtube\":\"\",\"instagram\":\"https://instagram.com/codigoconjuan\",\"tiktok\":\"\",\"github\":\"https://github.com/codigoconjuan\"}'),
(5, ' María Camila', 'Murillo', 'Guadalajara', 'México', 'cec8c9d7bcb4c19e87d1164bce8fe176', 'Devops,Git,CI CD', '{\"facebook\":\"https://facebook.com/C%C3%B3digo-Con-Juan-103341632130628\",\"twitter\":\"https://twitter.com/codigoconjuan\",\"youtube\":\"https://youtube.com/codigoconjuan\",\"instagram\":\"\",\"tiktok\":\"\",\"github\":\"\"}'),
(6, ' Tomas', 'Aleman', 'Bogotá', 'Colombia', '5332118b8d7690a1b992431802eafab1', 'WordPress,PHP,React', '{\"facebook\":\"https://facebook.com/C%C3%B3digo-Con-Juan-103341632130628\",\"twitter\":\"https://twitter.com/codigoconjuan\",\"youtube\":\"\",\"instagram\":\"https://instagram.com/codigoconjuan\",\"tiktok\":\"\",\"github\":\"https://github.com/codigoconjuan\"}'),
(7, ' Lucía', 'Velázquez', 'Buenos Aires', 'Argentina', '90956ece4adbd9f9ccb8f4ae80dc1537', 'React,Angular,Svelte', '{\"facebook\":\"\",\"twitter\":\"\",\"youtube\":\"https://youtube.com/codigoconjuan\",\"instagram\":\"https://instagram.com/codigoconjuan\",\"tiktok\":\"https://tiktok.com/@codigoconjuan\",\"github\":\"https://github.com/codigoconjuan\"}'),
(8, ' Catarina', 'Pardo', 'Lima', 'Perú', '9886ffc0d31e4c20a04acc1464630527', 'Next.js,Laravel,MERN', '{\"facebook\":\"https://facebook.com/C%C3%B3digo-Con-Juan-103341632130628\",\"twitter\":\"\",\"youtube\":\"https://youtube.com/codigoconjuan\",\"instagram\":\"\",\"tiktok\":\"https://tiktok.com/@codigoconjuan\",\"github\":\"\"}'),
(9, ' Raquel', 'Ros', 'Madrid', 'España', 'd697f6c454c36252d70abacd7599566c', 'Next.js,Remix,Vue.js', '{\"facebook\":\"\",\"twitter\":\"https://twitter.com/codigoconjuan\",\"youtube\":\"\",\"instagram\":\"https://instagram.com/codigoconjuan\",\"tiktok\":\"\",\"github\":\"https://github.com/codigoconjuan\"}'),
(10, ' Sofía', 'Amengual', 'Santiago', 'Chile', '414ffd61380bbf0e9f45cbde4d0cbb7f', 'UX / UI,Figma,TailwindCSS', '{\"facebook\":\"https://facebook.com/C%C3%B3digo-Con-Juan-103341632130628\",\"twitter\":\"https://twitter.com/codigoconjuan\",\"youtube\":\"https://youtube.com/codigoconjuan\",\"instagram\":\"\",\"tiktok\":\"\",\"github\":\"\"}'),
(11, ' María José', 'Leoz', 'NY', 'Estados Unidos', 'c8b3a77bce7a6efb6e6872db67cfa553', 'React,TypeScript,JavaScript', '{\"facebook\":\"https://facebook.com/C%C3%B3digo-Con-Juan-103341632130628\",\"twitter\":\"https://twitter.com/codigoconjuan\",\"youtube\":\"\",\"instagram\":\"https://instagram.com/codigoconjuan\",\"tiktok\":\"\",\"github\":\"https://github.com/codigoconjuan\"}'),
(12, ' Alexa', 'Mina', 'Bogotá', 'Colombia', '6eac63d88743bbb9ee0bfd8c60cf4186', 'HTML,CSS,React,TailwindCSS', '{\"facebook\":\"\",\"twitter\":\"\",\"youtube\":\"https://youtube.com/codigoconjuan\",\"instagram\":\"https://instagram.com/codigoconjuan\",\"tiktok\":\"https://tiktok.com/@codigoconjuan\",\"github\":\"https://github.com/codigoconjuan\"}'),
(13, ' Jesus', 'López', 'Madrid', 'España', 'e481bca0c512f5b4d8f76ccea2548f0d', 'PHP,WordPress,HTML,CSS', '{\"facebook\":\"https://facebook.com/C%C3%B3digo-Con-Juan-103341632130628\",\"twitter\":\"\",\"youtube\":\"https://youtube.com/codigoconjuan\",\"instagram\":\"\",\"tiktok\":\"https://tiktok.com/@codigoconjuan\",\"github\":\"\"}'),
(14, ' Irene ', 'Dávalos', 'CDMX', 'México', '6727e8ee7f6c642026247fe0556d866d', 'Node.js,Vue.js,Angular', '{\"facebook\":\"\",\"twitter\":\"https://twitter.com/codigoconjuan\",\"youtube\":\"\",\"instagram\":\"https://instagram.com/codigoconjuan\",\"tiktok\":\"\",\"github\":\"https://github.com/codigoconjuan\"}'),
(15, ' Brenda', ' Ocampo', 'Santiago', 'Chile', '40e01f5c023c7e74c9c372a8126edd97', 'Laravel,Next.js,GraphQL,Flutter', '{\"facebook\":\"https://facebook.com/C%C3%B3digo-Con-Juan-103341632130628\",\"twitter\":\"https://twitter.com/codigoconjuan\",\"youtube\":\"https://youtube.com/codigoconjuan\",\"instagram\":\"\",\"tiktok\":\"\",\"github\":\"\"}'),
(16, ' Julián ', 'Noboa', 'Las Vegas', 'EU', '6d4629dacbed2e4f5a344282ec2f4f76', 'iOS,Figma,REST API\'s', '{\"facebook\":\"\",\"twitter\":\"\",\"youtube\":\"https://youtube.com/codigoconjuan\",\"instagram\":\"https://instagram.com/codigoconjuan\",\"tiktok\":\"https://tiktok.com/@codigoconjuan\",\"github\":\"https://github.com/codigoconjuan\"}'),
(17, ' Vicente ', 'Figueroa', 'CDMX', 'México', '2a41a781d8ae8f0f7a1969c766276b08', 'React,Tailwind,JavaScript,TypeScript,Node', '{\"facebook\":\"https://facebook.com/C%C3%B3digo-Con-Juan-103341632130628\",\"twitter\":\"https://twitter.com/codigoconjuan\",\"youtube\":\"https://youtube.com/codigoconjuan\",\"instagram\":\"\",\"tiktok\":\"\",\"github\":\"\"}'),
(18, ' Nico ', 'Fraga', 'Buenos Aires', 'Argentina', '222dc6502643afa2f4a55acaecd93221', 'PHP,Laravel,Flutter,React Native', '{\"facebook\":\"https://facebook.com/C%C3%B3digo-Con-Juan-103341632130628\",\"twitter\":\"https://twitter.com/codigoconjuan\",\"youtube\":\"https://youtube.com/codigoconjuan\",\"instagram\":\"\",\"tiktok\":\"\",\"github\":\"\"}'),
(19, 'Cristian', 'Pan', 'Mérida', 'México', '869c52bc3309f9458acf4aaf4e019a88', 'Php,JS,CSS,HTML', '{\"facebook\":\"\",\"twitter\":\"\",\"youtube\":\"\",\"instagram\":\"\",\"tiktok\":\"\",\"github\":\"\"}'),
(20, 'Mauricio', 'Carrillo', 'Mérida', 'México', '37fc55b22cfb6c2c222e061680d09bcd', 'Php,Express,HTML,CSS,JS', '{\"facebook\":\"\",\"twitter\":\"\",\"youtube\":\"\",\"instagram\":\"\",\"tiktok\":\"\",\"github\":\"\"}');

INSERT INTO `registros` (`id`, `usuarioId`, `paqueteId`, `pagoId`, `token`) VALUES
(1, 1, 3, '0', '85bc7511');


INSERT INTO `usuarios` (`id`, `nombre`, `apellido`, `email`, `password`, `confirmado`, `token`, `admin`) VALUES
(1, 'Cristian David', 'Pan Zaldivar', 'panzaldivarcristian@gmail.com', '$2y$10$zLp51eM8IQRjfpQpDfUhWOOOiFI/fn5JLXrUq997Spym5w4jQSKeq', 1, NULL, 0);
INSERT INTO `usuarios` (`id`, `nombre`, `apellido`, `email`, `password`, `confirmado`, `token`, `admin`) VALUES
(2, 'Cristian', 'David', 'admin@gmail.com', '$2y$10$zLp51eM8IQRjfpQpDfUhWOOOiFI/fn5JLXrUq997Spym5w4jQSKeq', 1, NULL, 1);

INSERT INTO `eventos` (`id`, `nombre`, `descripcion`, `disponibles`, `categoriaId`, `diaId`, `horaId`, `ponenteId`) VALUES
(1, 'Next.js - Aplicaciones con gran performance', 'Orci varius natoque penatibus et magnis dis parturient montes, nascetur ridiculus mus. Donec sodales condimentum magna fringilla egestas. In non pellentesque magna, at mollis velit. Morbi nec dapibus diam. Phasellus ante neque, blandit eget tortor a, cursus molestie turpis. Aenean placerat aliquet nibh, et interdum ipsum finibus at. Nulla sit amet faucibus leo, vel blandit urna. Curabitur dictum euismod sem, eget euismod magna pulvinar et. Nam semper aliquet nunc eu ornare. ', 50, 2, 2, 1, 1);
INSERT INTO `eventos` (`id`, `nombre`, `descripcion`, `disponibles`, `categoriaId`, `diaId`, `horaId`, `ponenteId`) VALUES
(2, 'MongoDB - Base de Datos a gran escala', 'Orci varius natoque penatibus et magnis dis parturient montes, nascetur ridiculus mus. Donec sodales condimentum magna fringilla egestas. In non pellentesque magna, at mollis velit. Morbi nec dapibus diam. Phasellus ante neque, blandit eget tortor a, cursus molestie turpis. Aenean placerat aliquet nibh, et interdum ipsum finibus at. Nulla sit amet faucibus leo, vel blandit urna. Curabitur dictum euismod sem, eget euismod magna pulvinar et. Nam semper aliquet nunc eu ornare. ', 50, 2, 2, 2, 2);
INSERT INTO `eventos` (`id`, `nombre`, `descripcion`, `disponibles`, `categoriaId`, `diaId`, `horaId`, `ponenteId`) VALUES
(3, 'Tailwind y Figma', 'Orci varius natoque penatibus et magnis dis parturient montes, nascetur ridiculus mus. Donec sodales condimentum magna fringilla egestas. In non pellentesque magna, at mollis velit. Morbi nec dapibus diam. Phasellus ante neque, blandit eget tortor a, cursus molestie turpis. Aenean placerat aliquet nibh, et interdum ipsum finibus at. Nulla sit amet faucibus leo, vel blandit urna. Curabitur dictum euismod sem, eget euismod magna pulvinar et. Nam semper aliquet nunc eu ornare. ', 50, 1, 1, 2, 3);
INSERT INTO `eventos` (`id`, `nombre`, `descripcion`, `disponibles`, `categoriaId`, `diaId`, `horaId`, `ponenteId`) VALUES
(4, 'MERN - MongoDB Express React y Node.js - Ejemplo Real', 'Orci varius natoque penatibus et magnis dis parturient montes, nascetur ridiculus mus. Donec sodales condimentum magna fringilla egestas. In non pellentesque magna, at mollis velit. Morbi nec dapibus diam. Phasellus ante neque, blandit eget tortor a, cursus molestie turpis. Aenean placerat aliquet nibh, et interdum ipsum finibus at. Nulla sit amet faucibus leo, vel blandit urna. Curabitur dictum euismod sem, eget euismod magna pulvinar et. Nam semper aliquet nunc eu ornare. ', 30, 1, 2, 4, 8),
(5, 'Vue.js con Django para gran Performance', 'Nunc laoreet sit amet turpis eu vulputate. Etiam quis dignissim elit, ac commodo ligula. Donec eu mollis odio, vitae sodales est. Fusce ut turpis eros. Vestibulum mauris ligula, suscipit eget lacus non, vulputate laoreet enim. Etiam ac elementum lacus, eu dapibus dolor. Proin ac justo in erat elementum venenatis sit amet et arcu. Cras eu ultrices lorem, et mollis libero. Nam ex velit, sollicitudin ac lectus ut, lobortis blandit nibh. Donec vulputate eros quis arcu varius bibendum. Vestibulum mattis consectetur orci eget feugiat. Donec massa ligula, pulvinar vitae sem nec, suscipit tempus tortor. Nulla congue venenatis metus. Ut quis diam est. Sed non sagittis justo, ut rhoncus neque. Quisque ut mi et nunc sollicitudin luctus quis a ante. ', 50, 2, 1, 1, 4),
(6, 'DevOps - Primeros Pasos', 'Nunc laoreet sit amet turpis eu vulputate. Etiam quis dignissim elit, ac commodo ligula. Donec eu mollis odio, vitae sodales est. Fusce ut turpis eros. Vestibulum mauris ligula, suscipit eget lacus non, vulputate laoreet enim. Etiam ac elementum lacus, eu dapibus dolor. Proin ac justo in erat elementum venenatis sit amet et arcu. Cras eu ultrices lorem, et mollis libero. Nam ex velit, sollicitudin ac lectus ut, lobortis blandit nibh. Donec vulputate eros quis arcu varius bibendum. Vestibulum mattis consectetur orci eget feugiat. Donec massa ligula, pulvinar vitae sem nec, suscipit tempus tortor. Nulla congue venenatis metus. Ut quis diam est. Sed non sagittis justo, ut rhoncus neque. Quisque ut mi et nunc sollicitudin luctus quis a ante. ', 30, 1, 1, 1, 5),
(7, 'WordPress y React - Gran Performance a costo 0', 'Nunc laoreet sit amet turpis eu vulputate. Etiam quis dignissim elit, ac commodo ligula. Donec eu mollis odio, vitae sodales est. Fusce ut turpis eros. Vestibulum mauris ligula, suscipit eget lacus non, vulputate laoreet enim. Etiam ac elementum lacus, eu dapibus dolor. Proin ac justo in erat elementum venenatis sit amet et arcu. Cras eu ultrices lorem, et mollis libero. Nam ex velit, sollicitudin ac lectus ut, lobortis blandit nibh. Donec vulputate eros quis arcu varius bibendum. Vestibulum mattis consectetur orci eget feugiat. Donec massa ligula, pulvinar vitae sem nec, suscipit tempus tortor. Nulla congue venenatis metus. Ut quis diam est. Sed non sagittis justo, ut rhoncus neque. Quisque ut mi et nunc sollicitudin luctus quis a ante. ', 40, 2, 1, 2, 6),
(8, 'React, Angular y Svelte - Creando un Proyecto', 'Nunc laoreet sit amet turpis eu vulputate. Etiam quis dignissim elit, ac commodo ligula. Donec eu mollis odio, vitae sodales est. Fusce ut turpis eros. Vestibulum mauris ligula, suscipit eget lacus non, vulputate laoreet enim. Etiam ac elementum lacus, eu dapibus dolor. Proin ac justo in erat elementum venenatis sit amet et arcu. Cras eu ultrices lorem, et mollis libero. Nam ex velit, sollicitudin ac lectus ut, lobortis blandit nibh. Donec vulputate eros quis arcu varius bibendum. Vestibulum mattis consectetur orci eget feugiat. Donec massa ligula, pulvinar vitae sem nec, suscipit tempus tortor. Nulla congue venenatis metus. Ut quis diam est. Sed non sagittis justo, ut rhoncus neque. Quisque ut mi et nunc sollicitudin luctus quis a ante. ', 30, 1, 1, 3, 7),
(9, 'Laravel y Next.js - Aplicaciones Full Stack en Tiempo Record', 'Nunc laoreet sit amet turpis eu vulputate. Etiam quis dignissim elit, ac commodo ligula. Donec eu mollis odio, vitae sodales est. Fusce ut turpis eros. Vestibulum mauris ligula, suscipit eget lacus non, vulputate laoreet enim. Etiam ac elementum lacus, eu dapibus dolor. Proin ac justo in erat elementum venenatis sit amet et arcu. Cras eu ultrices lorem, et mollis libero. Nam ex velit, sollicitudin ac lectus ut, lobortis blandit nibh. Donec vulputate eros quis arcu varius bibendum. Vestibulum mattis consectetur orci eget feugiat. Donec massa ligula, pulvinar vitae sem nec, suscipit tempus tortor. Nulla congue venenatis metus. Ut quis diam est. Sed non sagittis justo, ut rhoncus neque. Quisque ut mi et nunc sollicitudin luctus quis a ante. ', 40, 1, 2, 1, 8),
(10, 'Remix - El Nuevo Framework de React', 'Nunc laoreet sit amet turpis eu vulputate. Etiam quis dignissim elit, ac commodo ligula. Donec eu mollis odio, vitae sodales est. Fusce ut turpis eros. Vestibulum mauris ligula, suscipit eget lacus non, vulputate laoreet enim. Etiam ac elementum lacus, eu dapibus dolor. Proin ac justo in erat elementum venenatis sit amet et arcu. Cras eu ultrices lorem, et mollis libero. Nam ex velit, sollicitudin ac lectus ut, lobortis blandit nibh. Donec vulputate eros quis arcu varius bibendum. Vestibulum mattis consectetur orci eget feugiat. Donec massa ligula, pulvinar vitae sem nec, suscipit tempus tortor. Nulla congue venenatis metus. Ut quis diam est. Sed non sagittis justo, ut rhoncus neque. Quisque ut mi et nunc sollicitudin luctus quis a ante. ', 30, 2, 1, 3, 9),
(11, 'TailwindCSS - Crear Sitios Accesibles', 'Nunc laoreet sit amet turpis eu vulputate. Etiam quis dignissim elit, ac commodo ligula. Donec eu mollis odio, vitae sodales est. Fusce ut turpis eros. Vestibulum mauris ligula, suscipit eget lacus non, vulputate laoreet enim. Etiam ac elementum lacus, eu dapibus dolor. Proin ac justo in erat elementum venenatis sit amet et arcu. Cras eu ultrices lorem, et mollis libero. Nam ex velit, sollicitudin ac lectus ut, lobortis blandit nibh. Donec vulputate eros quis arcu varius bibendum. Vestibulum mattis consectetur orci eget feugiat. Donec massa ligula, pulvinar vitae sem nec, suscipit tempus tortor. Nulla congue venenatis metus. Ut quis diam est. Sed non sagittis justo, ut rhoncus neque. Quisque ut mi et nunc sollicitudin luctus quis a ante. ', 30, 1, 1, 4, 10),
(12, 'TypeScript en React', 'Nunc laoreet sit amet turpis eu vulputate. Etiam quis dignissim elit, ac commodo ligula. Donec eu mollis odio, vitae sodales est. Fusce ut turpis eros. Vestibulum mauris ligula, suscipit eget lacus non, vulputate laoreet enim. Etiam ac elementum lacus, eu dapibus dolor. Proin ac justo in erat elementum venenatis sit amet et arcu. Cras eu ultrices lorem, et mollis libero. Nam ex velit, sollicitudin ac lectus ut, lobortis blandit nibh. Donec vulputate eros quis arcu varius bibendum. Vestibulum mattis consectetur orci eget feugiat. Donec massa ligula, pulvinar vitae sem nec, suscipit tempus tortor. Nulla congue venenatis metus. Ut quis diam est. Sed non sagittis justo, ut rhoncus neque. Quisque ut mi et nunc sollicitudin luctus quis a ante. ', 30, 2, 2, 3, 11),
(13, 'Presente y Futuro del Frontend', 'Nunc laoreet sit amet turpis eu vulputate. Etiam quis dignissim elit, ac commodo ligula. Donec eu mollis odio, vitae sodales est. Fusce ut turpis eros. Vestibulum mauris ligula, suscipit eget lacus non, vulputate laoreet enim. Etiam ac elementum lacus, eu dapibus dolor. Proin ac justo in erat elementum venenatis sit amet et arcu. Cras eu ultrices lorem, et mollis libero. Nam ex velit, sollicitudin ac lectus ut, lobortis blandit nibh. Donec vulputate eros quis arcu varius bibendum. Vestibulum mattis consectetur orci eget feugiat. Donec massa ligula, pulvinar vitae sem nec, suscipit tempus tortor. Nulla congue venenatis metus. Ut quis diam est. Sed non sagittis justo, ut rhoncus neque. Quisque ut mi et nunc sollicitudin luctus quis a ante. ', 30, 2, 2, 8, 12),
(14, 'Extiende la API de WordPress con PHP', 'Nunc laoreet sit amet turpis eu vulputate. Etiam quis dignissim elit, ac commodo ligula. Donec eu mollis odio, vitae sodales est. Fusce ut turpis eros. Vestibulum mauris ligula, suscipit eget lacus non, vulputate laoreet enim. Etiam ac elementum lacus, eu dapibus dolor. Proin ac justo in erat elementum venenatis sit amet et arcu. Cras eu ultrices lorem, et mollis libero. Nam ex velit, sollicitudin ac lectus ut, lobortis blandit nibh. Donec vulputate eros quis arcu varius bibendum. Vestibulum mattis consectetur orci eget feugiat. Donec massa ligula, pulvinar vitae sem nec, suscipit tempus tortor. Nulla congue venenatis metus. Ut quis diam est. Sed non sagittis justo, ut rhoncus neque. Quisque ut mi et nunc sollicitudin luctus quis a ante. ', 20, 1, 1, 8, 13),
(15, 'Node y Vue.js - Proyecto Práctico', 'Nunc laoreet sit amet turpis eu vulputate. Etiam quis dignissim elit, ac commodo ligula. Donec eu mollis odio, vitae sodales est. Fusce ut turpis eros. Vestibulum mauris ligula, suscipit eget lacus non, vulputate laoreet enim. Etiam ac elementum lacus, eu dapibus dolor. Proin ac justo in erat elementum venenatis sit amet et arcu. Cras eu ultrices lorem, et mollis libero. Nam ex velit, sollicitudin ac lectus ut, lobortis blandit nibh. Donec vulputate eros quis arcu varius bibendum. Vestibulum mattis consectetur orci eget feugiat. Donec massa ligula, pulvinar vitae sem nec, suscipit tempus tortor. Nulla congue venenatis metus. Ut quis diam est. Sed non sagittis justo, ut rhoncus neque. Quisque ut mi et nunc sollicitudin luctus quis a ante. ', 30, 1, 2, 2, 14),
(16, 'GraphQL y Flutter - Gran Performance para Android y iOS', 'Orci varius natoque penatibus et magnis dis parturient montes, nascetur ridiculus mus. Donec sodales condimentum magna fringilla egestas. In non pellentesque magna, at mollis velit. Morbi nec dapibus diam. Phasellus ante neque, blandit eget tortor a, cursus molestie turpis. Aenean placerat aliquet nibh, et interdum ipsum finibus at. Nulla sit amet faucibus leo, vel blandit urna. Curabitur dictum euismod sem, eget euismod magna pulvinar et. Nam semper aliquet nunc eu ornare. ', 30, 1, 1, 5, 15),
(17, 'REST API\'s - Backend para Web y Móvil', 'Orci varius natoque penatibus et magnis dis parturient montes, nascetur ridiculus mus. Donec sodales condimentum magna fringilla egestas. In non pellentesque magna, at mollis velit. Morbi nec dapibus diam. Phasellus ante neque, blandit eget tortor a, cursus molestie turpis. Aenean placerat aliquet nibh, et interdum ipsum finibus at. Nulla sit amet faucibus leo, vel blandit urna. Curabitur dictum euismod sem, eget euismod magna pulvinar et. Nam semper aliquet nunc eu ornare. ', 20, 2, 1, 4, 16),
(18, 'JavaScript - Apps para Web, Desktop y Escritorio', 'Orci varius natoque penatibus et magnis dis parturient montes, nascetur ridiculus mus. Donec sodales condimentum magna fringilla egestas. In non pellentesque magna, at mollis velit. Morbi nec dapibus diam. Phasellus ante neque, blandit eget tortor a, cursus molestie turpis. Aenean placerat aliquet nibh, et interdum ipsum finibus at. Nulla sit amet faucibus leo, vel blandit urna. Curabitur dictum euismod sem, eget euismod magna pulvinar et. Nam semper aliquet nunc eu ornare. ', 50, 2, 1, 8, 17),
(19, 'Flutter y React Native - ¿Cómo elegir?', 'Orci varius natoque penatibus et magnis dis parturient montes, nascetur ridiculus mus. Donec sodales condimentum magna fringilla egestas. In non pellentesque magna, at mollis velit. Morbi nec dapibus diam. Phasellus ante neque, blandit eget tortor a, cursus molestie turpis. Aenean placerat aliquet nibh, et interdum ipsum finibus at. Nulla sit amet faucibus leo, vel blandit urna. Curabitur dictum euismod sem, eget euismod magna pulvinar et. Nam semper aliquet nunc eu ornare. ', 40, 2, 1, 6, 18),
(20, 'Laravel y Flutter - Creando Un Proyecto Real', 'Orci varius natoque penatibus et magnis dis parturient montes, nascetur ridiculus mus. Donec sodales condimentum magna fringilla egestas. In non pellentesque magna, at mollis velit. Morbi nec dapibus diam. Phasellus ante neque, blandit eget tortor a, cursus molestie turpis. Aenean placerat aliquet nibh, et interdum ipsum finibus at. Nulla sit amet faucibus leo, vel blandit urna. Curabitur dictum euismod sem, eget euismod magna pulvinar et. Nam semper aliquet nunc eu ornare. ', 30, 1, 2, 5, 18),
(21, 'Laravel y React Native - Creando un Proyecto Real', 'Orci varius natoque penatibus et magnis dis parturient montes, nascetur ridiculus mus. Donec sodales condimentum magna fringilla egestas. In non pellentesque magna, at mollis velit. Morbi nec dapibus diam. Phasellus ante neque, blandit eget tortor a, cursus molestie turpis. Aenean placerat aliquet nibh, et interdum ipsum finibus at. Nulla sit amet faucibus leo, vel blandit urna. Curabitur dictum euismod sem, eget euismod magna pulvinar et. Nam semper aliquet nunc eu ornare. ', 50, 1, 2, 7, 18),
(22, 'PHP 8 - ¿Qué es Nuevo y que cambió?', 'Orci varius natoque penatibus et magnis dis parturient montes, nascetur ridiculus mus. Donec sodales condimentum magna fringilla egestas. In non pellentesque magna, at mollis velit. Morbi nec dapibus diam. Phasellus ante neque, blandit eget tortor a, cursus molestie turpis. Aenean placerat aliquet nibh, et interdum ipsum finibus at. Nulla sit amet faucibus leo, vel blandit urna. Curabitur dictum euismod sem, eget euismod magna pulvinar et. Nam semper aliquet nunc eu ornare. ', 50, 2, 1, 7, 1),
(23, 'MEVN Stack - Mongo Express  Vue.js y Node.js', 'Orci varius natoque penatibus et magnis dis parturient montes, nascetur ridiculus mus. Donec sodales condimentum magna fringilla egestas. In non pellentesque magna, at mollis velit. Morbi nec dapibus diam. Phasellus ante neque, blandit eget tortor a, cursus molestie turpis. Aenean placerat aliquet nibh, et interdum ipsum finibus at. Nulla sit amet faucibus leo, vel blandit urna. Curabitur dictum euismod sem, eget euismod magna pulvinar et. Nam semper aliquet nunc eu ornare. ', 50, 2, 1, 5, 2),
(24, 'Introducción a TailwindCSS', 'Orci varius natoque penatibus et magnis dis parturient montes, nascetur ridiculus mus. Donec sodales condimentum magna fringilla egestas. In non pellentesque magna, at mollis velit. Morbi nec dapibus diam. Phasellus ante neque, blandit eget tortor a, cursus molestie turpis. Aenean placerat aliquet nibh, et interdum ipsum finibus at. Nulla sit amet faucibus leo, vel blandit urna. Curabitur dictum euismod sem, eget euismod magna pulvinar et. Nam semper aliquet nunc eu ornare. ', 30, 2, 2, 4, 3),
(25, 'WPGraphQL y GatsbyJS - Headless WordPress', 'Orci varius natoque penatibus et magnis dis parturient montes, nascetur ridiculus mus. Donec sodales condimentum magna fringilla egestas. In non pellentesque magna, at mollis velit. Morbi nec dapibus diam. Phasellus ante neque, blandit eget tortor a, cursus molestie turpis. Aenean placerat aliquet nibh, et interdum ipsum finibus at. Nulla sit amet faucibus leo, vel blandit urna. Curabitur dictum euismod sem, eget euismod magna pulvinar et. Nam semper aliquet nunc eu ornare. ', 40, 2, 2, 5, 6),
(26, 'Svelte - El Nuevo Framework de JS ', 'Orci varius natoque penatibus et magnis dis parturient montes, nascetur ridiculus mus. Donec sodales condimentum magna fringilla egestas. In non pellentesque magna, at mollis velit. Morbi nec dapibus diam. Phasellus ante neque, blandit eget tortor a, cursus molestie turpis. Aenean placerat aliquet nibh, et interdum ipsum finibus at. Nulla sit amet faucibus leo, vel blandit urna. Curabitur dictum euismod sem, eget euismod magna pulvinar et. Nam semper aliquet nunc eu ornare. ', 40, 2, 2, 6, 7),
(27, 'Next.js - El Mejor Framework para React', 'Orci varius natoque penatibus et magnis dis parturient montes, nascetur ridiculus mus. Donec sodales condimentum magna fringilla egestas. In non pellentesque magna, at mollis velit. Morbi nec dapibus diam. Phasellus ante neque, blandit eget tortor a, cursus molestie turpis. Aenean placerat aliquet nibh, et interdum ipsum finibus at. Nulla sit amet faucibus leo, vel blandit urna. Curabitur dictum euismod sem, eget euismod magna pulvinar et. Nam semper aliquet nunc eu ornare. ', 40, 2, 2, 7, 8),
(28, 'React 18 - Una Introducción Práctica', 'Orci varius natoque penatibus et magnis dis parturient montes, nascetur ridiculus mus. Donec sodales condimentum magna fringilla egestas. In non pellentesque magna, at mollis velit. Morbi nec dapibus diam. Phasellus ante neque, blandit eget tortor a, cursus molestie turpis. Aenean placerat aliquet nibh, et interdum ipsum finibus at. Nulla sit amet faucibus leo, vel blandit urna. Curabitur dictum euismod sem, eget euismod magna pulvinar et. Nam semper aliquet nunc eu ornare. ', 30, 1, 1, 6, 9),
(29, 'Vue.js - Composition API', 'Orci varius natoque penatibus et magnis dis parturient montes, nascetur ridiculus mus. Donec sodales condimentum magna fringilla egestas. In non pellentesque magna, at mollis velit. Morbi nec dapibus diam. Phasellus ante neque, blandit eget tortor a, cursus molestie turpis. Aenean placerat aliquet nibh, et interdum ipsum finibus at. Nulla sit amet faucibus leo, vel blandit urna. Curabitur dictum euismod sem, eget euismod magna pulvinar et. Nam semper aliquet nunc eu ornare. ', 20, 1, 1, 7, 14),
(30, 'Vue.js - Pinia para reemplazar Vuex', 'Orci varius natoque penatibus et magnis dis parturient montes, nascetur ridiculus mus. Donec sodales condimentum magna fringilla egestas. In non pellentesque magna, at mollis velit. Morbi nec dapibus diam. Phasellus ante neque, blandit eget tortor a, cursus molestie turpis. Aenean placerat aliquet nibh, et interdum ipsum finibus at. Nulla sit amet faucibus leo, vel blandit urna. Curabitur dictum euismod sem, eget euismod magna pulvinar et. Nam semper aliquet nunc eu ornare. ', 25, 1, 2, 3, 14),
(31, 'GraphQL - Introducción Práctica', 'Orci varius natoque penatibus et magnis dis parturient montes, nascetur ridiculus mus. Donec sodales condimentum magna fringilla egestas. In non pellentesque magna, at mollis velit. Morbi nec dapibus diam. Phasellus ante neque, blandit eget tortor a, cursus molestie turpis. Aenean placerat aliquet nibh, et interdum ipsum finibus at. Nulla sit amet faucibus leo, vel blandit urna. Curabitur dictum euismod sem, eget euismod magna pulvinar et. Nam semper aliquet nunc eu ornare. ', 30, 1, 2, 8, 15),
(32, 'React y TailwindCSS - Frontend Moderno', 'Orci varius natoque penatibus et magnis dis parturient montes, nascetur ridiculus mus. Donec sodales condimentum magna fringilla egestas. In non pellentesque magna, at mollis velit. Morbi nec dapibus diam. Phasellus ante neque, blandit eget tortor a, cursus molestie turpis. Aenean placerat aliquet nibh, et interdum ipsum finibus at. Nulla sit amet faucibus leo, vel blandit urna. Curabitur dictum euismod sem, eget euismod magna pulvinar et. Nam semper aliquet nunc eu ornare. ', 30, 1, 2, 6, 17);




/*!40101 SET SQL_MODE=@OLD_SQL_MODE */;
/*!40014 SET FOREIGN_KEY_CHECKS=@OLD_FOREIGN_KEY_CHECKS */;
/*!40014 SET UNIQUE_CHECKS=@OLD_UNIQUE_CHECKS */;
/*!40101 SET CHARACTER_SET_CLIENT=@OLD_CHARACTER_SET_CLIENT */;
/*!40101 SET CHARACTER_SET_RESULTS=@OLD_CHARACTER_SET_RESULTS */;
/*!40101 SET COLLATION_CONNECTION=@OLD_COLLATION_CONNECTION */;
/*!40111 SET SQL_NOTES=@OLD_SQL_NOTES */;